{"initial_reset_timestamp": 1552840564.843632, "timestamps": [1552840616.3129408], "episode_lengths": [2855], "episode_rewards": [447.0], "episode_types": ["t"]}