{"initial_reset_timestamp": 1554548294.189095, "timestamps": [1554548491.070479], "episode_lengths": [3187], "episode_rewards": [26390.0], "episode_types": ["t"]}