{"initial_reset_timestamp": 1552838783.8570607, "timestamps": [1552838841.768699], "episode_lengths": [3241], "episode_rewards": [2675.0], "episode_types": ["t"]}