{"initial_reset_timestamp": 1554561658.785883, "timestamps": [1554561669.418916], "episode_lengths": [482], "episode_rewards": [0.0], "episode_types": ["t"]}